Unnamed: 0,所在展柜,产品品类,产品照片,多规格型号说明,产品序号,中文名称,英文名称,产品介绍（/优势特点）,注册证名称,注册证号,生效时间,所属公司,备注
,心内介植入1,心内介入,,,1.0,三通旋塞-OFF,Manifold for Single use-OFF,"用于介入手术中压力监测管路中的连接、输液和通路切换。
ON-阀门开关所指方向开放",一次性使用三通旋塞,沪械注准20242030122,2024.5.30,瑛泰,外贸型号
,,,,,2.0,三通旋塞-ON,Manifold for Single use-ON,"用于介入手术中压力监测管路中的连接、输液和通路切换。
OFF-阀门开关所指方向关闭",一次性使用三通旋塞,沪械注准20242030122,2024.5.30,瑛泰,外贸型号
,,,,,3.0,Y型连接器,Stanch™ Y Connector Pack,产品用于PTCA手术中，在体外辅助建立导引钢丝进入人体的工作通道。,Y型连接器,沪械注准20242030313,2025.1.14,瑛泰,
,,,,,4.0,按压式Y型连接器,Stanch™ Y Connector Pack,该产品主要用于PTCA手术中，在体外辅助建立导引钢丝进入人体的工作通道。,按压式Y型连接器,沪械注准20222030087,2022.7.25,瑛泰,
,,,,,5.0,Y型连接阀套件,Stanch™ Y Connector Pack,该产品是经皮血管成形术中的辅助器械，用于连接管路，在体外建立通道辅助器械进入人体，同时可减少血液流出。,Y型连接阀套件,沪械注准20232030324,2023.11.24,瑛泰,
,,,,,6.0,穿刺针,Seldinger Needle,适用于对人体进行经皮穿刺。,介入手术器械,国械注准20193031843,2024.5.8,瑛泰,
,,,,,7.0,一次性使用血管鞘,Introducer,用于介入手术中，将导丝、导管等医疗器械插入血管，另外还可通过其侧臂延长管进行输液、测压、给药等。,一次性使用血管鞘,国械注准20213030647,2021.8.18,瑛泰,
,,,,,8.0,一次性使用导管鞘套装,Introducer Set,主要用于介入手术中扩大经皮切口，建立导管导入血管的通道。,一次性使用导管鞘套装,沪械注准20242030270,2024.8.20,瑛泰,
,,,,,9.0,一次性使用亲水涂层导管鞘套装,Introducer Set,该产品用于介入手术中扩大桡动脉经皮切口，建立导管导入血管的通道。,一次性使用亲水涂层导管鞘,国械注准20203031014,2020.12.31,瑛泰,
,,,,,10.0,股动脉鞘套装,Femoral Introducer set,用于股动脉介入手术，将导丝、导管等医疗器械插入血管。,一次性使用导管鞘套装,国械注准20213030647,2021.8.18,瑛泰,
,,,,,11.0,桡动脉鞘套装,Transradial introducer Set,用于桡动脉介入手术，将导丝、导管等医疗器械插入血管。,一次性使用导管鞘套装,国械注准20213030647,2021.8.18,瑛泰,
,,,,,12.0,球囊扩张压力泵,ForceFlator™ Inflation Device,用于PTCA手术中，向球囊扩张导管加压，从而使球囊扩张，以达到扩张血管或在血管内留置支架的目的。,球囊扩张压力泵,沪械注准20212030373,2021.6.19,瑛泰,
,,,,,13.0,数显球囊扩张压力泵,Digiflator®Digital Inflation Device,该产品适用于在介入手术中向球囊扩张导管加压、泄压，使球囊扩张和回缩，监测并控制球囊的压力。,数显球囊扩张压力泵,沪械注准20232030021,2023.2.6,瑛泰,
,,,,,14.0,按压式球囊扩张压力泵,FastFlator™ Inflation Device,用于PTCA手术中，向球囊扩张导管加压，从而使球囊扩张，以达到扩张血管或在血管内留置支架的目的。,按压式球囊扩张压力泵,沪械注准20212030374,2021.6.19,瑛泰,
,,,,,15.0,按压式球囊扩张压力泵,Inflation Device II,该产品适用于在介入手术中向球囊扩张导管加压、泄压，使球囊扩张和回缩，监测并控制球囊的压力。,按压式球囊扩充压力泵,沪械注准20232030005,2023.1.13,瑛泰,
,,,,,16.0,造影剂推入器,Angiography Syringe,用于血管造影中承载、推注造影剂，产品通过与三通旋塞连接，推动芯杆可将造影剂推入人体血管或造影导管中进行造影显示。,一次性使用造影剂推入器,国械注准20153030120,2024.5.30,瑛泰,
,,,,,17.0,造影剂推入器-C,PC Syringe,用于需要精准控制造影剂流速、剂量及压力的影像引导手术，确保病变显影清晰且操作安全。,一次性使用造影剂推入器,国械注准20153030120,2024.5.30,瑛泰,外贸型号
,,,,,18.0,股动脉止血带,Femoral Pressure Bandage,适用于经股动脉介入手术后动脉穿刺点体外压迫闭合止血。,股动脉压迫止血带,沪械注准20212140484,2021.8.24,瑛泰,
,,,,,19.0,股动脉止血带,Femoral Pressure Bandage,本产品适用于经股动脉介入手术后动脉穿刺点体外压迫闭合止血。,气囊式股动脉止血带,沪械注准20212140395,2021.6.29,瑛泰,
,,,,,20.0,气囊式止血带II,Transradial Pressure Bandage II,用于桡动脉导管插管术后压迫止血用。,气囊式止血带,沪械注准20202140417,2020.8.31,瑛泰,
,,,,,21.0,桡动脉止血带I,Transradial Pressure Bandage I,在动静脉穿刺手术中拔除穿刺针或留置针后辅助压迫止血用。,一次性使用动脉压迫止血带,沪械注准20202140509,2020.10.27,瑛泰,
,,,,,22.0,压力传感器,Extension Transducer,该产品采用有创方式测量患者的动脉压和静脉压，供有资质的专业医护人员在手术室或住院病房中使用。,一次性使用有创压力传感器,国械注准20173073316,2022.8.29,瑛泰,
,,,,,23.0,有创压力传感器,Pressure Transducer,该产品采用有创方式测量患者的动脉压和静脉压，供有资质的专业医护人员在手术室或住院病房中使用。,一次性使用有创压力传感器,国械注准20173073316,2022.8.29,瑛泰,
,,,,,24.0,高压延长管,High Pressure Tubing,适用于血管造影手术中作为推注造影剂的通道。,一次性使用高压延长管,国械注准20223030034,2022.1.12,瑛泰,
,,,,,25.0,介入手术器械包,Manifold Kit,主要用于心脏造影、经皮冠状动脉成形术等将导管导入血管的介入手术。,介入手术器械,国械注准20193031843,2024.5.8,瑛泰,
,心内介植入2,,,,26.0,造影导管,Angiography Catheter,用于注射或输入对照介质和/或液体，用于血管造影检查，神经血管应用除外。,一次性使用造影导管,国械注准20163032106,2021.6.24,瑛泰,
,,,,,27.0,亲水涂层造影导管,Hydrophilic Angiography Catheter,用于注射或输入对照介质和/或液体，用于血管造影检查，神经血管应用除外。,亲水涂层造影导管,国械注准20213030369,2021.5.25,瑛泰,
,,,,,28.0,亲水涂层血管造影导管,Hydrophilic Angiography Catheter,用于注射或输入对照介质和/或液体，用于血管造影检查。,亲水涂层血管造影导管,国械注准20233030849,2023.6.20,瑛泰,
,,,,,29.0,指引导管,VAS PASS® Guiding Catheter,用于在冠状动脉介入手术中为介入器械和诊断器械的导入提供通道。,一次性使用指引导管,国械注准20193030955,2025.1.20,瑛泰,
,,,,,30.0,导引导管,VAS PASS® Guiding Catheter,用于以介入治疗方式进入血管系统，为介入治疗建立通道。,导引导管,国械注准20243030311,2024.2.21,瑛泰,
,,,,,31.0,亲水涂层导引导管,Hydrophilic  Guiding Catheter,用于以介入治疗方式进入血管系统，为介入治疗建立通道。,亲水涂层导引导管,国械注准20243030310,2024.2.21,瑛泰,
,,,,/,32.0,PTFE导丝,PTFE Guide Wire,用于血管造影，目的是建立了一个从穿刺部位到病变部位或通过病变部位到达远端的通道，辅助其他器械进行定位操作。,一次性使用造影导丝,国械注准20163032107,2021.5.17,瑛泰,
,,,,,,硬导丝,Guide Wire,本产品适用于血管介入诊断和治疗手术，神经血管应用除外。,硬导丝,国械注准20223030741,2022.6.13,瑛泰,
,,,,,33.0,PTCA球囊扩张导管,PTCA Balloon Catheter,用于冠状动脉血管狭窄或血管内支架内扩张治疗。,PTCA球囊扩张导管,国械注准20193030239,2024.4.29,瑛泰,
,,,,,,非顺应性球囊扩张导管,Beyonder NC Balloon Catheter,用于冠状动脉狭窄部分和支架的后扩张治疗，从而改善心肌供血能力。,非顺应性球囊扩张导管,国械注准20213030458,2021.6.21,瑛泰,
,,,,,34.0,指引导丝,Guidewire 0.014’,适用于在经皮冠状动脉成形术（PTCA）和经皮血管成形术（PTA）中，引导球囊导管或支架系统送达病变部位。,一次性使用指引导丝,沪械注准20242030327,2024.9.19,瑛泰,
,,,,,,导引导丝,Guide Wire,该产品用于在经皮冠状动脉成形术（PTCA）和经皮血管成形术（PTA）中，引导球囊导管或支架系统送达病变部位。,导引导丝,国械注准20233031216,2023.10.7,瑛泰,
,,,,,,亲水涂层导引导丝,Fingthrough Cardiovascular Guide Wire,该产品用于介入手术中，引导球囊导管或支架系统送达病变部位。,亲水涂层导引导丝,国械注准20233031690,2023.11.16,瑛泰,
,,,,,35.0,多环测量灌注导管,Waterfull™ Infusion Catheter,本产品用于介入手术中，将诊断介质（造影剂）或治疗溶剂（溶栓溶液）递送至血管内，神经血管应用除外。,多环测量灌注导管,国械注准20213030436,2021.6.15,瑛泰,
,,,,,36.0,冠脉微导管,RAD PASS Micro Catheter,"一次性使用微导管用于注射或输入对照介质和/或液体(如造影剂)和/或栓塞材料，和/或适当的器械(如支架、弹簧圈),神经血管应用除外。",一次性使用微导管,国械注准20193030352,2024.5.31,瑛泰,
,,,,,37.0,超滑导丝,Hydrophilic Guide Wire,用于引导导管插入血管并辅助其他器械进行定位操作，神经血管应用除外；长度为45cm的导丝用于Seldinger术，用于建立有助于血管内器械的经皮进入通路，不具有血管内定位或建立血管内通路作用。,一次性使用亲水涂层导丝,国械注准20173033094,2022.2.24,瑛泰,
,,,,,,一次性使用亲水涂层导丝,Pioneer™ Hydrophilic Guidewire,用于引导导管插入血管并辅助其他器械进行定位操作，神经血管应用除外；长度为45cm的导丝用于Seldinger术，用于建立有助于血管内器械的经皮进入通路，不具有血管内定位或建立血管内通路作用。,一次性使用亲水涂层导丝,国械注准20173033094,2022.2.24,瑛泰,
,,,,,,一次性使用造影导丝,NIMY™ Guide Wire,用于血管造影，目的是建立了一个从穿刺部位到病变部位或通过病变部位到达远端的通道，辅助其他器械进行定位操作。,一次性使用造影导丝,国械注准20163032107,2021.5.17,瑛泰,
,,,,,38.0,依维莫司冠脉乳突球囊扩张导管,Everolimus Coronary  Mastoid Balloon,"适用于冠状动脉支架内再狭窄病变。
适用于血管直径≥2.0mm且≤2.75mm的冠状动脉原发小血管病变治疗。",/,/,/,瑛泰,
,,,,,39.0,指引延长导管,Prolong™ Guide Extension Catheter,与导引导管结合使用，可进入冠状脉管系统和/或外周脉管系统的病变区域，并可辅助放置介入器械。,指引延长导管,国械注准20233030388,2023.3.23,瑛泰,
,,,,,40.0,棘突球囊,Coronary Dilatation Catheter,该类产品在临床上通常定位于血管病变的预处理，具体适用的情况包括：1.支架内再狭窄病变；2.开口病变；3.分叉病变； 4.轻中度钙化病变或重度钙化病变经过旋磨等预处理后；5. 纤维性病变等常规球囊处理效果不佳的，经腔内影像确认后，使用常规球囊扩张试过仍然效果不佳的。,冠状动脉棘突球囊扩张导管,国械注准20243032641,2024.12.26,瑛泰,
,,德诺电生理产品,,,41.0,左心耳封堵器系统,SeaLA® LAA Closure System,适用于有卒中风险（CHA2DS2-VASc评分≥2分）且长期口服抗凝治疗禁忌的非瓣膜性房颤患者。,左心耳封堵器系统,国械注准20223131498,2022.11.9,德诺电生理,
,,,,,42.0,一次性使用心脏脉冲电场消融导管,Disposable Cardiac PFA Catheter,该产品与本公司生产的心脏脉冲电场消融仪（型号：CP-GR，软件发布版本1）、可调弯导管鞘配合使用，用于18岁或以上患者药物难治性、复发性、症状性、阵发性房颤的治疗。与心脏多道电生理记录仪配合使用，用于18岁或以上患者的心脏电生理标测（刺激和记录）。,一次性使用心脏脉冲电场消融导管,国械注准20243010461,2024.3.8,德诺电生理,
,,,,,43.0,可调弯导管鞘,Steerable Sheath System,与扩张器配合使用，用于将导丝、导管等医疗器械插入血管。产品不进入冠状动脉与神经血管。,可调弯导管鞘,浙械注准20232031690,2023.10.10,德诺电生理,
,,,,,44.0,血管鞘,Introducer Sheath,用于建立有助于血管内介入器械的经皮进入通道。,血管鞘,浙械注准20232031819,2024.2.5,德诺电生理,
,,翰凌医疗产品,,,45.0,心脏瓣膜球囊扩张导管,Cardiac Valves Balloon Dilatation Catheter,心脏瓣膜球囊扩张导管适用于经导管主动脉瓣置换术中的主动脉瓣的预扩张和后扩张。,心脏瓣膜球囊扩张导管,国械注准20223031192,2022.9.9,翰凌,
,,,,,46.0,可扩张血管鞘套装,Expandble sheath introducer set,可扩张血管鞘套装用于建立血管介入手术通路。,/,/,/,翰凌,
,,,,,47.0,心脏瓣膜支架Hanchor Valve,Cardiac Valve Stent Hanchor Valve,经导管主动脉瓣膜系统用于经导管主动脉瓣置入术（TAVR）中，用以治疗主动脉瓣膜病变，产品适用范围为不适合进行外科手术的主动脉瓣关闭不全患者。,/,/,/,翰凌,
,,,,,,牛心包干式保存瓣膜,Bovne Parcardim Heart Walve ( Dry Storage),牛心包干式保存瓣膜用于心脏瓣膜置换术中植入到人体，代替自体瓣膜工作，恢复病变自体瓣膜处的血流，醛基的减少使瓣膜抗钙化效果及免疫原性更好，改善患者治疗效果，延长了瓣膜使用寿命。,/,/,/,翰凌,
,,,,,48.0,新型聚合物瓣膜,Novel Poiymeric Heart Valve,新型聚合物瓣膜用于心脏瓣膜置换术中植入到人体，代替自体瓣膜工作，恢复病变自体瓣膜处的血流，聚合物瓣膜具有出色的抗钙化性能，瓣膜使用寿命更长，同时可大幅降低生产成本。,/,/,/,翰凌,
,,,,,49.0,经导管主动脉瓣膜输送系统,Transcatheter Aortic Valve Delivery System,,,,,,
,,心内植入,,,50.0,可降解镁合金支架,Bio-degradable Magnesium Alloy Stent,该产品用于经皮冠状动脉介入术治疗原发冠状动脉粥样硬化患者的血管内狭窄，改善患者的冠状动脉血流并预防再狭窄的发生。,/,/,/,瑛泰,
,,,,,51.0,自主冶炼镁合金管材,Magnesium Alloy Tube,自主冶炼无稀土高强度镁合金棒材，抗拉强度可达350MPa，拉伸屈服强度达300MPa，断裂延伸率在20%左右。,/,/,/,瑛泰,材料
,,,,,52.0,自主冶炼镁合金管棒材,Magnesium Alloy Rod,自主冶炼无稀土高强度镁合金棒材，抗拉强度可达350MPa，拉伸屈服强度达300MPa，断裂延伸率在20%左右。,/,/,/,瑛泰,材料
,,,,,53.0,人工血管,Artificial blood vessel,人工血管用于主动脉及其分支血管的置换或旁路手术。,/,/,/,瑛泰,
,外周介植入,"唯强
外周大血管",,/,54.0,胸主动脉覆膜支架系统,Fabulous Thoracic Aortic Stent System,胸主动脉支架系统适用于治疗Stanford B型夹层，支架近端锚定区长度≥15mm，且病变符合以下条件之一：1. 存在远端破口，有处理远端病变的必要性；2. 夹层累及范围较广，且存在远端真腔塌陷；3. 夹层合并远端分支血管动态梗阻型灌注不良。,胸主动脉支架系统,国械注准20223130685,2022.5.23,唯强,
,,,,,55.0,Grency髂静脉支架系统,Iliac Vein Stent System,该产品预期在髂总静脉内使用，用于治疗非血栓性髂静脉压迫综合征。,髂静脉支架系统,国械注准20243131244,2024.7.11,唯强,
,,,,,56.0,分体式分支型胸主动脉覆膜支架系统,WeFlow-Tbranch,该产品适用治疗近左锁骨下动脉的需要重建左锁骨下动脉血运的Stanford B型夹层患者。其近端锚定区长度应≥15mm；左锁骨下动脉距离左颈总动脉≥5mm。,分体式分支型胸主动脉覆膜支架系统,国械注准20243130650,2024.3.29,唯强,
,,,,,57.0,胸主动脉裸支架,Thoracic Aortic Stent,胸主动脉支架系统适用于治疗Stanford B型夹层，支架近端锚定区长度≥15mm，且病变符合以下条件之一：1. 存在远端破口，有处理远端病变的必要性；2. 夹层累及范围较广，且存在远端真腔塌陷；3. 夹层合并远端分支血管动态梗阻型灌注不良。,胸主动脉支架系统,国械注准20223130685,2022.5.23,唯强,
,,,,,58.0,模块内嵌双分支覆膜支架系统,Modular Double-Branched Aortic Stent Graft System,该产品预期用于主动脉弓部病变的治疗，包括累及升主动脉的真性主动脉弓动脉瘤、假性主动脉弓动脉瘤及累及主动脉弓部的溃疡，是全球首款设计针对弓上双分支重建的产品，通过升主动脉、分支和弓段三个模块组合，实现腔内重建头臂干和左颈总动脉，且整个手术过程中脑血流不受影响。,/,/,/,唯强,
,,,,,59.0,WeFlow-Tribranch三分支全腔内修复系统,Modular Trible-Branched Aortic Stent Graft System,国际首创的三分支内嵌式主动脉弓覆膜支架系统，可同时重建头臂干、左颈总动脉和左锁骨下动脉三个分支血管。,/,/,/,唯强,
,,,,,60.0,WeFlow-JAAA复杂腹主动脉覆膜支架系统,Stent Graft System for Juxtarenal AAA,"该产品预期用于复杂腹主动脉病变的治疗，国际首创的非定制""开窗-分支""支架系统，集成标准肾动脉内分支、SMA短内嵌分支和腹腔干U形开槽结构设计，显著提升近肾腹主动脉瘤的治疗效率。",/,/,/,唯强,
,,,,,61.0,ZIPPER主动脉弓腹膜支架系统,ZIPPER AORTIC ARCH STENT GRAFT,ZIPPER一体式主动脉弓覆膜支架系统适用于多种主动脉弓部血管病变及复杂解剖结构患者，尤其在需要覆盖并重建弓上全部分支血管的情况下，ZIPPER可提供安全且操作简便的治疗方案。,/,/,/,唯强,
,,外周血管产品,,,62.0,长鞘,Guiding introducer Sheath,该产品用于介入手术中，将导丝、导管等医疗器械插入血管。,一次性使用血管鞘,国械注准20213030647,2021.8.18,瑛泰,
,,,,,63.0,按压式球囊扩张压力泵40ml/40atm,FastFlator Inflation Device,该产品适用于在介入手术中向球囊扩张导管加压、泄压，使球囊扩张和回缩，监测并控制球囊的压力。规格型号为：40ml/40atm,按压式球囊扩充压力泵,沪械注准20232030005,2023.1.13,瑛泰,外周专用型号规格
,,,,,64.0,微导管（外周）,RAD CROSS® Micro Catheter,"用于注射或输入对照介质和/或液体(如造影剂)和/或栓塞材料，和/或适当的器械(如支架、弹簧圈),神经血管应用除外。",一次性使用微导管,国械注准20193030352,2024.5.31,瑛泰,
,,,,,65.0,超滑导丝,Hydrophilic Guide wire,用于引导导管插入血管并辅助其他器械进行定位操作，神经血管应用除外；长度为45cm的导丝用于Seldinger术，用于建立有助于血管内器械的经皮进入通路，不具有血管内定位或建立血管内通路作用。,一次性使用亲水涂层导丝,国械注准20173033094,2022.2.24,瑛泰,
,,,,,66.0,血栓抽吸导管,Neural Aspiration Catheter,用于清除血管系统的新鲜、柔软栓子和血栓块，神经血管应用除外。,一次性使用血栓抽吸系统,国械注准20223030596,2022.5.9,瑛泰,
,,,,/,67.0,负压抽吸泵,Aspiration Pump,用于医疗机构利用负压吸出人体中的液体和/或固体。不适用于流产和胸腔负压吸引。,医用电动吸引器,沪械注准20232140055,2023.3.19,堃博,
,,"堃博
呼吸介入产品",,,68.0,雾泉®一次性使用内窥镜雾化微导管,"Mist Fountain
Disposable nebulizing micro-catheter for endoscope",与内窥镜配合，用于灌洗、喷洒药液或配合造影剂使用，不用于血液循环系统和中枢神经系统给物。,一次性使用内窥镜雾化微导管,浙械注准20222021162,2024.7.9,堃博,
,,,,,69.0,智衡®肺部射频消融导管,BroncAblate® Disposable Pulmonaryrasiofrequency Ablation Catheter,产品与本公司生产的肺部射频消融系统（型号：BRS-PA-50W）配合，经软性支气管内窥镜（器械通道尺寸≥2.0mm）将射频能量作用于肺部肿瘤进行消融，适用于不能耐受手术切除且不能进行SBRT（立体定向体部放疗）的IA期原发性非小细胞肺癌患者。仅限用于单侧肺部肿瘤病灶数量≤3个，肿瘤病灶大小≤3cm，肿瘤与气管、主支气管、食管、主动脉弓支、主肺动脉、左和右肺动脉及心脏最近距离不小于2cm，经皮消融产品无法到达的肺部肿瘤。,一次性使用肺部射频消融导管,国械注准20253010767,2025.4.17,堃博,
,,,,,70.0,TLD肺部靶向去神经消融导管,TLD Targeted Lung Denervation Ablation Catheter,产品与本公司生产的肺部射频消融系统（型号：BRS-PA-50W）配合，经软性支气管内窥镜（器械通道尺寸≥2.0mm）将射频能量作用于肺部肿瘤进行消融，适用于不能耐受手术切除且不能进行SBRT（立体定向体部放疗）的IA期原发性非小细胞肺癌患者。仅限用于单侧肺部肿瘤病灶数量≤3个，肿瘤病灶大小≤3cm，肿瘤与气管、主支气管、食管、主动脉弓支、主肺动脉、左和右肺动脉及心脏最近距离不小于2cm，经皮消融产品无法到达的肺部肿瘤。,一次性使用肺部射频消融导管,国械注准20253010767,2025.4.17,堃博,
,,,,,71.0,InterVapor®一次性使用经支气管内窥镜热蒸汽治疗导管,InterVapor® Disposable Transbronchoscopic Thermal Vapor Ablation Catheter,产品在医疗机构使用，与本公司生产的热蒸汽治疗设备（UM-GEN-100)及Uptake Medical公司生产的治疗规划程序包（UM-IP3-100)配合使用，用于Gold评级3-4级、经充分药物及康复治疗不佳的非均质性（双上肺）肺气肿患者的治疗。使用时需配合最小工作通道直径为2.8mm的支气管内窥镜。,一次性使用经支气管内窥镜热蒸汽治疗导管,国械注准20233091032,2023.7.27,堃博,
,,,,,72.0,途扩™一次性使用经支气管镜穿刺扩张导管,BroncTru™ Disposable Transbronchial Puncturedilation Catheter,产品与支气管镜配合使用，进行穿刺、扩张和建立操作通道，导引其他内镜工具到达肺内目标病灶。,一次性使用经支气管镜扩张导管,浙械注准20232021787,2024.7.19,堃博,
,,,,,73.0,BioStar®一次性内窥镜吸引活检针,BioStar® Ebus Aapiration Needle,"一次性内窥镜吸引活检针由手柄、针管、鞘管、导丝、负压装置和连接装置（i系列型号不含单独的连接装置）组成,负压装置包含负压器、负压器配件和鲁尔二通阀。",一次性内窥镜吸引活检针,浙械注准20202020594,2024.12.30,堃博,
,,,,,74.0,一次性内窥镜吸引活检针,ATV®FleXNeedleCN,产品用于获取支气管树的隆突、气管旁以及肺门病变粘膜下层活检样本。,一次性内窥镜吸引活检针,浙械注准20192020448,2024.2.5,堃博,
,,其它产品,,,75.0,可降解鼻窦药物支架,Biodegradable Drug Eluting Sinus Stent,用于慢性鼻窦炎实施功能性内窥镜鼻窦手术（FESS）患者，主要用于防止FESS术后粘连，保持鼻腔通畅，减少炎症。,可降解鼻窦药物支架系统,国械注准20233130121,2023.2.2,七木,
,,,,,76.0,鼻腔冲洗液,Nasal Cleaner,用于急慢性鼻炎、过敏性鼻炎、鼻息肉、鼻窦炎鼻腔疾病患者的鼻腔清洗，也用于鼻炎手术后及化疗后的鼻腔清洗。,鼻腔冲洗液,沪械注准20252140138,2025.4.2,七木,
,,,,,77.0,抗鼻腔过敏凝胶,Anti Nasal Allerrgy Gel Dressing,用于过敏性鼻炎患者、过敏性哮喘患者，通过阻隔致病性微生物及其他颗粒性过敏物质进入鼻腔，缓解因过敏性鼻炎、过敏性哮喘引发的相关症状。,抗鼻腔过敏凝胶,沪械注准20252140248,2025.6.7,七木,
,,,,,78.0,咽鼓管球囊扩张导管,Eustachian Tube Balloon Dilation Catheter,适用于狭窄的咽鼓管的扩张，以辅助治疗阻塞性咽鼓管功能障碍。,咽鼓管球囊扩张导管,沪械注准20232140286,2023.10.23,七木,
,,,,,79.0,筋膜缝合器,Fascial Closure System,用于在腹腔镜手术中收拢组织、经皮缝合、以便闭合手术切口。,微创筋膜闭合器,沪械注准20222020040,2022.3.21,瑛泰,
,,,,,80.0,可吸收耳鼻止血海绵,Absorbable Hemostatic Sponge,本产品主要用于鼻腔、中耳与外耳术后的暂时压迫止血与支撑。选用几种天然的植物多糖作为原材料，生物安全性高且降解产物无毒性。几种材料相互促进、紧密耦合，最终实现了“1+1 > 2”的高效协同止血效果。,/,/,/,七木,
,神经介植入,神经介植入,,/,81.0,输送导管,Delivery Catheter,适用于介入性器械的导入，协助介入性器械进入外周、冠状和颅内血管系统。,输送导管,国械注准20253030578,2025.3.14,璞慧,
,,,,,82.0,可调弯导管, Steerable Catheter,可用于心脏血管、颅内血管及外周血管，经皮穿刺进入血管系统，在介入诊断或治疗手术中为导丝输送建立通道。,/,/,/,瑛泰,
,,,,,83.0,可调弯造影导管, Steerable Angiography Catheter,可用于心脏血管、颅内血管及外周血管，用于注射或输入对照介质和/或液体。,/,/,/,瑛泰,
,,,,,84.0,神经微导管,MicroCatheter（017）,"适用于神经血管和外周血管，用于注射或输入对照介质和/或液体和/或栓塞材料, 和/或适当的器械（如支架、弹簧圈）等。
该型号主要用以获得最佳的弹簧圈输送、栓塞、解脱。",一次性使用微导管,国械注准20203030984,2021.3.16,璞慧,
,,,,,85.0,带球囊指引导管,Guiding Cathter with Balloon,协助血管内导管插入并被引导至外周或神经血管系统的目标血管内。在进行血管造影和诊断治疗时，该产品还可同时临时封堵血管。,球囊导引导管,国械注准20223030672,2022.5.18,璞慧,
,,,,,86.0,支撑导管(支持导管),Support Catheter,适用于神经血管和外周血管，用于术中经桡动脉或股动脉建立血管通路，辅助诊断或治疗器械进入血管。,一次性使用支撑导管,国械注准20213030233,2021.4.8,璞慧,
,,,,,87.0,颅内支架系统,Intraluminal Support Device,适用于配合弹簧圈栓塞术治疗血管瘤的微创手术或治疗血管狭窄。,/,/,/,璞慧,
,,,,,88.0,神经介入手术器械包(治疗),Neurovascular surgical instrument set,在介入手术中用于连结管路和设备，提供药液的输注通路或用于有创血压监测。,介入手术器械,国械注准20193031843,2024.5.8,瑛泰,
,,,,,89.0,神经介入手术器械包(造影),Neurovascular surgical instrument set,在介入手术中用于连结管路和设备，提供药液的输注通路或用于有创血压监测。,介入手术器械,国械注准20193031843,2024.5.8,瑛泰,
,,,,,90.0,微导丝CG,Cooperative guide wire,"适用于神经血管和外周血管，辅助诊断或治疗器械顺利到达病变部位。
优异导航性，接近1：1扭矩传导",微导丝,国械注准20243031492,2024.8.14,璞慧,
,,,,,91.0,微导丝TG,Tracking guide wire,"适用于神经血管和外周血管，辅助诊断或治疗器械顺利到达病变部位。
头端塑形及远端保持佳，实现迂曲/远端血管超选",微导丝,国械注准20243031492,2024.8.14,璞慧,
,,,,,92.0,栓塞保护器,Embolic Protection Device,在颈动脉及外周血管狭窄及堵塞治疗手术，捕获并去除栓塞物质（血栓/碎片），为患者提供血管远端栓塞的保护。,栓塞保护器,国械注准20243030031,2024.1.4,璞慧,
,,,,,93.0,一次性使用血管内微导丝,Microguide Wire,"适用于神经血管和外周血管，辅助诊断或治疗器械顺利到达病变部位。
安全无创尖端设计，强支撑，顺应抵达病变位置",一次性使用血管内微导丝,国械注准20203031016,2020.12.31,璞慧,
,,,,,94.0,颅内取栓支架,Intracranial thrombectomy,用于在症状发作8小时内移除缺血性脑卒中患者大血管（包括颈内动脉、大脑中动脉M1和M2段）中的血栓，从而恢复血流。,/,/,/,璞慧,
,,,,,95.0,可吸收流体明胶基质,Absorbable Haemostatic Matrix,本产品适用于在毛细血管、静脉和细小动脉等出血而依靠压迫、结扎或其他传统方法控制无效时或不可行时的手术辅助止血(眼科手术除外)。,/,/,/,七木,
,,,,,96.0,血栓抽吸导管,Neural Aspiration Catheter,适用于对颅内大血管阻塞（颈内动脉、大脑中动脉—M1段和M2段、基底动脉和椎动脉内）继发急性缺血性脑中风的患者进行血管再通,颅内血栓抽吸导管,国械注准20233030307,2023.3.13,璞慧,
,,,,,97.0,磷酰胆碱涂层密网支架,Flow diverter with PC coating,适用于该产品用于18岁及以上成人颈内动脉岩骨段以上血管及其分支和椎动脉血管内未破裂的大、巨大型以及中、小型宽颈（瘤颈宽≥4 mm或瘤体/瘤颈比< 2）囊性或梭形动脉瘤，载瘤动脉直径需≥2.25 mm且≤6.25 mm。,/,/,/,璞慧,
,外泌体&超声聚焦,外泌体,,,98.0,无创透皮系统,NFTD,告别传统针刺注射，引入前沿的无针操作技术。利用冲击波空化技术及毛细管的分散效应，通过微米级精密喷头，释放高速喷射流，无需针头穿刺将精华液雾化至直径小于5μm的微液滴，将活性成分逐层渗透，极大地降低穿刺破皮造成的感染风险，焕发肌肤新生。通过压力将物质（如透明质酸钠溶液，胶原蛋白溶液等）穿透皮肤外层输送到皮内，促进皮肤对物质的吸收。,/,/,/,瑛泰生物,
,,,,,99.0,瑛之秘头皮赋活精华液,EXOINT Scalp Revitalizing Essence,瑛之秘头皮赋活精华液以（动物）脐带提取物为核心，结合咖啡因以促进血液循环，延长毛发生长期，与多肽复合物等成分激活毛囊活力，同时补充生物素，可促进角蛋白合成，增强发丝强度，强化发根支撑力；配合保湿因子舒缓头皮敏感，构建环境损伤防护屏障。从毛囊代谢到头皮微生态，重塑健康头皮环境，助力发丝浓密强韧。,瑛之秘头皮赋活精华液,沪G妆网备字2024024096,2024.12.27,瑛泰生物,
,,,,,100.0,瑛之秘多肽修护液,EXOINT Youth Peptides Repair Essence （YPRE),瑛之秘多肽修护液蕴含多种核心成分，其中（动物）脐带提取物可以有效增强皮肤增殖活力，协同多肽复合物抑制衰老信号，促进胶原生成，提升肌肤弹性。复配透明质酸钠与多元氨基酸构建深层保湿体系，为肌肤注入持续水润力。轻盈质地快速渗透，从基底改善干燥与松弛等问题，重塑肌肤弹润透亮。,瑛之秘多肽修护液,沪G妆网备字2024023523,2024.11.27,瑛泰生物,
,,,,,101.0,无针透皮组合,Needle Free Transdermal set,无针透皮组合由喷头、负压壳、缓冲垫、移液器组成，通过负压壳与发射枪连接，形成负压环境，在透皮导入过程中缓冲垫与皮肤接触，保证接触的舒适度，同时保证皮肤与缓冲垫紧密接触，负压壳将负压传递给皮肤，使皮肤被负压吸起与喷头接触紧密，实现透皮导入过程中高效导入，减少渗漏和体验者的痛感，提升整体使用效果。通过压力将物质（如透明质酸钠溶液，胶原蛋白溶液等）穿透皮肤外层输送到皮内，促进皮肤对物质的吸收。,/,/,/,瑛泰,
,,,,,102.0,微针,Micro Needle,本产品与电子注射器配套使用，用于面部真皮层注射透明质酸钠等精华液。,/,/,/,瑛泰,代工
,,,,,103.0,瑛之秘 肌活修护精华霜,REJUVENATE RECOVERY ESSENCE CREAM,"即时抗老、持续抗老、抵御衰老——分阶式修护抗老，焕新肌底原生。
即时抗老:芋螺肽+类蛇毒肽+乙酰基六肽-8，多重珍稀小肽，能够阻断神经信号传导路径的不同节点，抑制肌肉收缩达到松弛表情肌、减少皱纹的效果；
持续抗老：30%玻色因+胶原+腺苷，玻色因刺激胶原新生，外源胶原直接补给，腺苷加速细胞代谢协同抗老；
抵御衰老：多重植物精粹+植物愈伤组织+神经酰胺NP+角鲨烷强化屏障，高山火绒草可以修复细胞DNA损伤并强效抗氧化，海茴香提取物可以激活皮肤干细胞促进组织再生，两者协同提升肌肤修护力与年轻态。
适用人群：敏感肌/全肤质/有抗皱需求、有深度静态纹，皮肤松弛的人群可用
肤感质地：厚实绵密的绷带质地推开后化为丝绒哑光，吸收快、不油不黏，肤感如柔焦滤镜般清爽顺滑。",/,沪G妆网备字2025011577,2025-04-26 00:00:00,瑛泰生物,
,,,,,104.0,瑛之秘淡纹修护精华液,CONCENTRATED ANTI-AGING SKIN SERUM,"专研淡纹修护，塑修肌肤嘭弾纤维。高端植物细胞科技，两大核心植物愈伤组织
高山火绒草+海茴香，唤醒肌肤新生；玻色因+抗皱肽+麦角硫因，抗老三角配方体系，精准淡纹嘭弹；细胞级多效修护，多重植物精粹舒缓保湿，神经酰胺NP+β-葡聚糖，增强肌肤抵御力。
核心功效：修护肌肤屏障，增加肌肤抵御力，同时有效抑制皱纹产生，基底紧致充盈。
适用人群：敏感肌可用/全肤质可用
肤感质地：清透凝露质地",/,沪G妆网备字2025011449,2025-04-24 00:00:00,瑛泰生物,
,,,,,105.0,瑛之秘舒润弹嫩精萃水,HYDRASILK SOOTHING NOURISH ESSENCE,"细胞级修护抗老，唤醒肌肤弹嫩新生。醇+极大螺旋藻提取物+ β-葡聚糖，层层保湿，润泽舒缓；高山火绒草+海茴香，两大核心植物愈伤组织，细胞级焕活，强韧屏障；玻色因+腺苷+水解丝胶蛋白，深层抗老，嘭弹紧致。
适用人群：敏感肌可用/全肤质可用
肤感质地：清透精萃水质地",/,沪G妆网备字2025011448,2025-04-26 00:00:00,瑛泰生物,
,,,,,106.0,瑛之秘赋活凝萃精华液,REJUVENATE RECOVERY CONCENTRATE SERUM,"急救型修护，快速缓解敏感泛红：通过双重植物细胞精华+九重植物精萃，快速舒缓敏感，协同肌源保湿水盾深层保湿，修复屏障；
主动型抗老，自我修护式抗皱紧致：多链路立体抗垮，精选黄金比重组胶原蛋白，搭配抗皱信号网络构建，协同玻色因促生胶原，多效协同，开启抗垮全模式；
鲜活冻干保鲜，天天享鲜：通过超低温真空冷冻干燥技术，极速锁住成分活性，实现无防腐剂添加下的长效保鲜与稳定功效。
核心成分：脐带精华（外泌体，肌底修护）；玻色因+黄金配比胶原（I+III+XVII型撑起垮脸）；六重靶向肽网（类蛇毒肽闪电抚纹+芋螺肽长效抗衰）。
适用人群：全肤质适用、突发泛红敏肌、抗老需求、熬夜党、医美术后修复人群
肤感质地：水感清透秒吸收，不粘不腻，即刻舒缓",/,沪G妆网备字2025011717,2025-04-29 00:00:00,瑛泰生物,
,,超声聚焦,,/,107.0,"台车
（聚焦超声无创治疗顽固性高血压系统）",RDN,聚焦超声无创治疗顽固性高血压系统是利用体外聚焦超声精准消融肾动脉周围的交感神经。全球大多数RDN治疗都是经血管的射频或超声消融，我们的体外无创方案在国际上属于领先技术，既避免介入的风险，又保留疗效；对于药物效果不佳的顽固性高血压患者，这是一种安全、舒适、恢复快的新选择。,/,/,/,璞润,
,骨科&泌尿,骨科,,,108.0,关节介入手术器械,Joint  Intervention Kit,用于在关节镜下作腕管松解手术。,关节镜用腕管松解手术器械,沪械注准20202040468,2020.9.25,瑛泰,
,,,,,109.0,可视软组织松解器械及组件,Visualization of soft tissue laxity instruments and components,用于建立、扩张手术通道，对软组织进行切割、剥离。,/,/,/,德瑞,
,,,,,110.0,椎体工具包,Spinal Tool Kit,用于经皮椎体成形术的配套使用工具，在椎体成形术后凸成型术中建立手术通道，并通过该通道进行骨水泥注入或作为取活检的通道。,一次性使用椎体工具包,沪械注准20212040182,2021.3.25,瑛泰,
,,,,,111.0,骨水泥成型套装,Bone Cement Shaping Kit,用于膝关节用骨水泥定型，不包含植入体内的组件。,骨水泥颗粒成型套装,粤械注准20242040147,2024.1.24,德瑞,
,,,,,112.0,人工骨,Artificial Bone,用于成人骨科手术时四肢50mm以下非承重性骨缺损的填充，必要时与内、外固定产品配合使用。,β-磷酸三钙人工骨,国械注准20243130405,2024.3.4,瑛泰,
,,,,,113.0,可降解镁合金骨钉,Bio-degradable Magnesium Alloy Screw,适用于四肢的骨折内固定，3-6个月仍能维持80%以上力学强度。,/,/,/,瑛泰,
,,,,,114.0,可降解镁合金骨板,Degradable Magnesium Alloy Bone Plate,适用于四肢的骨折内固定，配合骨钉使用，主要用于手足部位的皮质骨固定,/,/,/,瑛泰,
,,,,,115.0,骨髓血穿刺抽吸循环器械,MSCS Collection Kit,利用骨穿针对髂骨穿刺，通过真空抽吸注射器抽取骨髓血后，为骨髓血的处理提供循环通路。开展该产品配合β-磷酸三钙生物陶瓷临床使用的临床研究应符合卫生健康主管部门相关要求，产生的制品应在相关指南规范下使用。,骨髓血穿刺抽吸循环器械,国械注准20213101079,2021.12.21,瑛泰,
,,,,,116.0,椎体扩张球囊导管,PKP Balloon,该产品适用于椎体成形术及脊柱后凸成形术微创手术中形成通道，恢复椎体高度，形成骨水泥灌注腔的配套使用器械。,/,/,/,瑛泰,代工
,,,,/,117.0,骨髓血穿刺抽吸循环动力泵,MSCS Collection Power Pump,该产品与本公司生产的骨髓血穿刺抽吸循环器械配合使用，为骨髓血在器械中循环提供动力。,骨髓血穿刺抽吸循环动力泵,沪械注准20232100249,2023.9.6,瑛泰,
,,泌尿,,,118.0,一次性使用电子输尿管镜,Single-Use Digital Flexible Ureteroscope,镜头前端集成温度压力传感器，直接接触肾盂内环境，实时精准测量并显示肾盂内温度与压力数据，确保温度和压力维持在预设的安全区间内，根源上避免了因高温高压引发的术后并发症发生，保障手术过程的安全性和有效性，与本公司生产的电子内窥镜图像处理器（型号：PY-IPE）配套，经尿道进入人体，通过视频显示器提供影像，配合内窥镜附件，对患者输尿管及肾盂进行内镜检査或内镜手术。不能与高频附件配用。,一次性使用电子输尿管内窥镜导管,沪械注准20232060320,2023.11.21,璞跃,
,,,,,119.0,带压力监测电子镜导管,Digital Flexible Ureteroscope with Pressure Monitoring,在医疗机构中使用，与本公司生产的电子内窥镜图像处理器（型号：PY-IPE）、医用控压冲吸系统（型号：PY-IPS-SF、PY-IPS-F）配套，经尿道进入人体，通过视频显示器提供影像，配合内窥镜附件，对患者输尿管及肾盂进行内镜检査或内镜手术。不能与高频附件配用。,一次性使用测压输尿管内窥镜导管,沪械注准20242060002,2024.1.3,瑛泰,
,,,,,120.0,硬管电子输尿管镜,Rigid Digital ureteroscope,与本公司生产的电子内窥镜图像处理器配套使用，经尿道进入人体，通过视频显示器提供影像，配合内窥镜附件，对患者输尿管及肾盂进行内镜检査或内镜手术。在医疗机构中使用。,硬管电子输尿管镜,沪械注准20242060102,2024.4.5,璞跃,
,,,,,121.0,输尿管球囊导管,Ureteral Balloon Catheter,"用于输尿管狭窄的经腔扩张，或在输尿管镜检查或结石操作之前进行输尿管扩张。
头端柔韧且呈锥型，利于穿过输尿管或病变区，表面带有亲水涂层，减少输尿管损伤，三翼/六翼球囊折叠，profile尺寸小，尼龙材料，耐高压，可精准扩张，外径小，韧性高，无需借助导丝使用",输尿管球囊导管,沪械注准20242140036,2024.1.24,七木,
,,,,,122.0,一次性输尿管负压导引鞘,Ureteral access sheath,供泌尿外科手术中，建立内窥镜等器械进入泌尿道的通道用。,一次性输尿管负压导引鞘,沪械注准20232020149,2023.6.2,璞跃,
,,,,,123.0,内窥镜取石网篮,Ureteroscopic Stone Retrieval Basket,泌尿系统手术中，在内窥镜下操作，用于取出组织、异物、粉碎的结石。,内窥镜取石网篮,沪械注准20242020014,2024.1.12,璞跃,
,,,,,124.0,取石球囊,Ureteal Balloon Cathter,用于通过内窥镜，经胆道从胆管系统中取出结石，或在利用球囊阻塞胆管时注入造影剂。,一次性使用取石球囊,沪械注准20222020035,2022.3.9,瑛泰,
,,,,,125.0,无菌抽吸管路,Sterile Aspiration Tubing,用于体外连接负压吸引装置和抽吸导管或引流导管，与适宜器械配套后，用于向外引出体内废液（积液或血栓），不直接接触人体，经环氧乙烷灭菌后，一次性使用。,无菌抽吸管路,沪械注准20222140208,2022.11.23,瑛泰,
,,,,,126.0,斑马导丝,Zebra Guide Wire,手术中在内窥镜下操作，用于引导器械，进入胆道。,胆道用斑马导丝,沪械注准20212020385,2021.6.22,七木,
,,,,,127.0,"台车
（控温控压软镜系统）",PT-SCOPE,璞跃智能控温控压输尿管软镜系统（简称：PT-SCOPE）由电子内窥镜图像处理器 、医用控压冲吸系统与测温测压输尿管软镜、输尿管负压柔性鞘组成，集成灌注 、吸引 、异常报警等功能于一体，除镜头端精准测温测压外，同时智能调控术区压力和温度至安全范围内（控温控压），降低术后并发症的发生，保障手术安全性、有效性，减轻患者身心负担，且有助于促进临床医生专业技能快速提升。,/,/,/,璞跃,组装产品
,非介入类产品,体重管理,,,128.0,水凝胶饱腹微球,Hydrogel nicrospheres,体重管理食品，以魔芋作为原料，采用国家双专利技术、帮助微球体积膨胀80倍、饱腹长达6小时；自研配方、配料极简，主原料魔芋被称为”天然的保健食品“；可作为晚间代餐、配合16+8轻断食帮助管理体重。,"魔芋水凝胶微球（改前）
魔芋膳食微球（改后）",生产许可证：SC10737110203268,2025.3.2,山东瑛泰,
,,组织粘合,,/,129.0,液体创口贴,Bioadhesive Hydrogel Bandage,"本产品适用于创面黏合修复，具有一定的免缝合效果，完全自主研发，拥有核心国家发明专利。产品为液态水凝胶，具备易涂抹、生物安全性高、可降解等优势；同时通过可调控光固化作用,切缘对合最佳后即刻闭合，在阻菌和抑菌双重作用下，降低伤口感染风险，具备优异的组织黏合促修复性能。",/,/,/,吉尔邦,
,,,,,130.0,光控可吸收粘合剂,Light-initiated Absorbable Dural & Spine Sealant,本产品适用于开颅及脊柱手术中，硬脑（脊）膜缝合部位的辅助封合，防止脑脊液渗漏。使用我司完全自主研发的双修饰新型医用生物材料，拥有核心国家发明专利。产品为单一组分的液态水凝胶，打开包装后不需要配制，即开即用，具备易涂抹、生物安全性高、可体内降解吸收等优势。产品同时具有组织黏附和光控固化的性能，可与硬脑（脊）膜紧密黏合，有效防止脑脊液渗漏；按需涂抹，可控固化，极大提高了临床使用的便利性。,/,/,/,吉尔邦,
,,医工合作产品及其它产品,,,131.0,水凝胶,Hydrogal,温敏型变温水凝胶，可以填加变色粉，温度变化时，水凝胶会随着温度的变化颜色变深或者变浅，用于体表降温，方便体表温度变化的观察,/,/,/,瑛泰,
,,,,,132.0,肠道球囊导管,Balloon Catheter,适用于扩张直肠肠腔，辅助直肠、肛周部位的影像学检查，提高病变形态、大小和部位的显示效果。,肠道球囊导管,沪械注准20182140050,2023.2.11,瑛泰,
,,,,,133.0,非重力输注装置,Infusion Pump,临床静脉输注药液。,一次性使用输液装置,国械注准20243142420,2024.11.29,德瑞,
,,,,,134.0,电子脐带剪,Umbilical Cord Clamps,适用于孕妇生产后母婴间脐带的分离，供切断并封闭新生儿脐带残端用，其中QDJ-Ⅱ可辅助记录时间。,脐带剪夹器,沪械注准20232180026,2023.2.11,德瑞,
,,,,,135.0,弹簧管,Coiled Tube,可以将压力延长管等管路通过热塑性做成类似于电话线的弹簧管，便于收纳,/,/,/,瑛泰,暂停注册
,,,,,136.0,膀胱压力监测器,Pressure Monitoring System for Bladder,临床用于膀胱压力的监测。,膀胱压力监测器,粤械注准20242071199,2024.9.10,德瑞,
,,,,,137.0,CT造影套件,CT Multi-Dosing kit,CT造影用，可同时注射造影剂与生理盐水；控制双侧心室的造影剂浓度；可大幅度降低图像伪影。,/,/,/,德瑞,
,,,,,138.0,"输入接头及附件
(加药延长管、加药接头)",Infusion Conneclor and Accessories,主要用于注射液体、重力输液、液体抽取，可与静脉输液器，静脉导管等连接，避免由于针头穿刺可能带来的微粒、微屑的污染，实现单个方向的液体流动。,输液接头及附件,国械注准20183141510,2023.1.4,瑛泰,
,医疗标准件,底层技术相关产品,,,139.0,颅内血栓抽吸导管,Intracranial Thrombus Aspiration Catheter,适用于对颅内大血管阻塞（颈内动脉、大脑中动脉—M1段和M2段、基底动脉和椎动脉内）继发急性缺血性脑中风的患者进行血管再通，而且必须在症状发作的8小时内。不能使用静脉组织型纤溶酶原激活物（IV t-PA）或IV t-PA治疗失败的患者是该治疗的人选。,颅内血栓抽吸导管,国械注准20233030307,2023.3.13,璞慧,
,,,,,140.0,神经输送支架微导管,Neurovascular Stent Delivery Micro Catheter,"适用于神经血管和外周血管，用于注射或输入对照介质和/或液体和/或栓塞材料, 和/或适当的器械（如支架、弹簧圈）等。
该型号主要用以获得最佳的弹簧圈输送、栓塞、解脱。",/,/,/,璞康,
,,,,,141.0,可控弯导管 内径6F-20F,Steerable Catheter Tube ID：6F-20F,与扩张器配合使用，用于将导丝、导管等医疗器械插入血管。,可控弯导管鞘,沪械注准20242030241,2024.7.19,瑛泰,
,,,,,142.0,胆道用斑马导丝,Zebra Guide Wire,手术中在内窥镜下操作，用于引导器械，进入胆道。,胆道用斑马导丝,沪械注准20212020385,2021.6.22,七木,
,,,,,143.0,胆道取石球囊导管,Biliary stone extraction balloon catheter,用于通过内窥镜，经胆道从胆管系统中取出结石，或在利用球囊阻塞胆管时注入造影剂。,一次性使用取石球囊,沪械注准20222020035,2022.3.9,瑛泰,
,,,,,144.0,取石网篮,Stone extractor,适用于在内窥镜下捕获和取出胆管内的结石或上下消化道中的异物。,一次性使用取石网篮,沪械注准20212020492,2021.8.25,瑛泰,
,,,,,145.0,心内输送导丝微导管,Cardiology Micro Catheter,"一次性使用微导管用于注射或输入对照介质和/或液体(如造影剂)和/或栓塞材料，和/或适当的器械(如支架、弹簧圈),神经血管应用除外。",/,/,/,璞康,
,,,,,146.0,OEM编织导管,OEM Breidinp Tube,可以OEM代加工像造影导管、微导管、指引导管等带有编织网结构的管体。,/,/,/,璞康,
,,,,,147.0,PTFE管 壁厚：5μm,PTFE Tube,采用挤出工艺或者浸涂工艺制备的超薄PTFE内衬管，壁厚可以达到0.005mm。,/,/,/,瑛泰,
,,,,,148.0,热收缩管收缩比2:1,Heat shrink tubeShrink ratio 2:1,采用FEP等材料制备的热收缩管，收缩比可达2:1，常用于多层管体的包覆。,/,/,/,瑛泰,
,,,,,149.0,可调弯导管, Steerable Catheter,可用于心脏血管、颅内血管及外周血管，经皮穿刺进入血管系统，在介入诊断或治疗手术中为导丝输送建立通道。,/,/,/,瑛泰,
,,,,,150.0,亲水涂层溶液,Hydrophilic Coating Solution,自研配方，溶液通过在医疗器械表面形成一层光滑的薄膜、遇水后凝胶化，使器械表面超级顺滑，可显著减少器械通过人体组织时的阻力，提高了介入治疗的效果，同事减轻了患者痛苦。⁠⁣ ,/,/,/,瑛泰,
,,,,,151.0,海波管,Hypotube,可定制尺寸，不锈钢管浸涂工艺，涂层厚度5-12μm。,/,/,/,自动化, 
,,,,,152.0,蚀刻PTFE内衬管,PTFE LinerFEP,在PTFE内衬管的外表面做蚀刻处理，经处理后的内衬管表面变的更加的亲水，利于和Pebax等聚合物紧密包覆在一起，不容易分层。,/,/,/,瑛泰,
,,,,,153.0,导丝芯轴,Guide Wire Rod,可定制各种尺寸，各种渐变结构的导丝磨削芯轴，可加工细到0.08mm直径的变径芯轴。,/,/,/,瑛泰,
,,,,,154.0,扁丝,Stanless Steel Flat Wire,可定制尺寸，加工精度0.005mm。,/,/,/,自动化,
,,,,,155.0,热收缩管,Heat shrink tube,采用FEP等材料制备的热收缩管，收缩比可达2:1，常用于多层管体的包覆。,/,/,/,瑛泰,
,,,,,156.0,PTFE涂层钢丝,PTFE Coated Wires,在不锈钢等金属表面涂覆一层很薄的PTFE涂层，是金属丝变得超滑，用于制备造影导丝等产品。,/,/,/,瑛泰,
,,,,,157.0,磨削芯丝,Guided core wire,不锈钢、镍钛材料，可定制化尺寸磨削，最小加工直径0.01mm，精度0.003mm。,/,/,/,自动化,
,,标准件,,,158.0,冲洗阀,Flush Device,最大程度减少导管头部出现凝血。,/,/,/,瑛泰,
,,,,,159.0,单向阀,Check Valve,重力输液型单向阀具有十分接近零开启压的特性，为重力输液治疗方案设计。,/,/,/,瑛泰,
,,,,,160.0,正压接头,Positive pressure connector,无磁设计，正压冲洗，硅胶材质，多通道设计。,输液接头及附件,国械标准20183141510,2023.1.4,瑛泰,
,,,,,161.0,精量调节器,Flow Regulator,流量稳定性高，连续输液前后误差小，扭矩小。,/,/,/,瑛泰,
,,,,,162.0,接头类,Connectors,标准化，产品多样性。,/,/,/,瑛泰,
,,,,,163.0,三通旋塞,Stopcock,用于介入手术中压力监测管路中的连接、输液和通路切换。,一次性使用三通旋塞,沪械注准20242030122,2024.5.30,瑛泰,
,,,,,164.0,无针加药接头,Needle Free Connectors,标准鲁尔接口，低预灌冲量，高流速。,/,/,/,瑛泰,
,,,,,165.0,抗脂三通,Lipid-resistant Stopcock,适用于与输液管路或压力监测管路连接以达成液体传输及液路控制。,/,/,/,德瑞,
,,,,,,,,,,,,,
,,,,,,,,,,,,,
,*蓝色为未获证产品，获证后将更新注册证名称、注册证号及生效时间。,,,,,,,,,,,,
